,model,train_score,test_score
0,xgb,0.5653401687651526,0.491860235414696
1,svm,0.5195254593683257,0.5111864889971823
2,lr,0.5196347593331216,0.5099700178472845
