,model,train_score,test_score
0,xgb,0.5916593620239475,0.5107849894713203
1,svm,0.5301498106151964,0.4990813362316326
2,lr,0.5304284740024925,0.5005587245471964
