,model,train_score,test_score
0,xgb,0.6026762812643944,0.44669594755045744
1,svm,0.5420709597651232,0.4354797899540278
2,lr,0.5417625331686345,0.43530285892065745
