,model,train_score,test_score
0,xgb,0.5576765821834129,0.4626264183633434
1,svm,0.5786025041696015,0.5013919244668112
2,lr,0.5798439942933598,0.5005778865504
