,model,train_score,test_score
0,xgb,0.7852144951354048,0.4722284323242768
1,svm,0.5709802034213778,0.4359287922766118
2,lr,0.5685517741667325,0.43451422180040644
