,model,train_score,test_score
0,xgb,0.6158829820179121,0.42588177905867103
1,svm,0.5460684086082157,0.5145723389090494
2,lr,0.5471742274168819,0.5155800524018569
