,model,train_score,test_score
0,xgb,0.6240367807464391,0.5530229663578491
1,svm,0.5326247451508723,0.5937692859599952
2,lr,0.5313380484403478,0.5943918520703781
