,model,train_score,test_score
0,xgb,0.6862640317447215,0.5051619427543398
1,svm,0.5498384699351682,0.47292887689611585
2,lr,0.5491001053283954,0.4720928701821344
