,model,train_score,test_score
0,xgb,0.5896908512143002,0.45780299813957603
1,svm,0.5032305124551294,0.42186471224087013
2,lr,0.5033243551323294,0.4216933797439403
