,model,train_score,test_score
0,xgb,0.8700953479612119,0.4984086154763345
1,svm,0.6219234054795175,0.47236221259320477
2,lr,0.6251347456317213,0.4730514607769164
