,model,train_score,test_score
0,xgb,0.8847630271408445,0.623959219257361
1,svm,0.6190815639468658,0.6219487801168295
2,lr,0.6206026259911361,0.6285638461442586
