,model,train_score,test_score
0,xgb,0.517090344910146,0.44861870795410064
1,svm,0.5505565026704748,0.5413916435735247
2,lr,0.5484834390560658,0.539379899439017
