,model,train_score,test_score
0,xgb,0.7920722308061039,0.6096043620123655
1,svm,0.614145015868935,0.6758798190917155
2,lr,0.6139813021419482,0.6746775097865789
