,model,train_score,test_score
0,xgb,0.8169109278637348,0.465062959634322
1,svm,0.6026817761822835,0.4715367114712051
2,lr,0.603981034378464,0.4729899516993352
