,model,train_score,test_score
0,xgb,0.6270029629945749,0.42230304160656895
1,svm,0.52505651322026,0.5188266837710082
2,lr,0.5255010565260098,0.5220744910824123
