,model,train_score,test_score
0,xgb,0.8320787195985135,0.45285821382173475
1,svm,0.5841785530281692,0.4149426784142203
2,lr,0.5846707830243312,0.4192217947241711
