,model,train_score,test_score
0,xgb,0.551162861038064,0.4782184101639665
1,svm,0.5613884016449553,0.5055065874638683
2,lr,0.561602619061317,0.505856529258224
